status,jumlah,persentase
Terlambat,7603,7.881941924715688
Tepat Waktu,88858,92.11805807528431
